key,speaker,en,ar,notes
beach.sami.string,Sami,"My string's caught on Abu Fadi's roof. Your kite can fetch it, no?","خيطي علق على سطح أبو فادي. طيّارتك بتجيبه، مش هيك؟","Placeholder Gazan colloquial; the readers vet every Arabic line."
beach.layla.got_it,Layla,"Got it. Hold on.","مسكته. استنى.",""
beach.sami.thanks,Sami,"You're the best flyer on the street. Race you home.","إنتِ أحسن واحدة بتطيّر في الحارة. سابقيني عالبيت.",""
beach.hint.fetch,,"The string is on the roof. Q flies the kite; A and D steer it; W and S reel it in and out. Fly it into the string and reel in.","",""
notebook.beach.fetched,Layla,"Sami's string was on Abu Fadi's roof. My kite brought it down. He says I am the best flyer on the street.","خيط سامي كان على سطح أبو فادي. طيّارتي نزّلته. بيقول إني أحسن واحدة بتطيّر في الحارة.",""
street.mama.water,Mama,"Layla! The truck stopped at the wrong end again. One jerrycan, habibti, and mind the pit by Abu Ahmad's.","ليلى! التنكر وقف عالطرف الغلط كمان مرة. جالون واحد يا حبيبتي، وانتبهي من الحفرة عند أبو أحمد.","Placeholder colloquial; readers vet."
street.layla.heavy,Layla,"Twenty litres. No jumping with this.","عشرين لتر. ما في نط مع هاد.",""
street.hint.plank,,"The water is too heavy to jump with. Set it down, find another way across, then come back for it.","",""
street.mama.thanks,Mama,"Alhamdulillah. Wash your hands, the bread is warm.","الحمد لله. اغسلي إيديكي، الخبز سخن.",""
notebook.street.plank,Layla,"Abu Ahmad's plank makes a bridge over the pit. He will want it back.","لوح أبو أحمد صار جسر فوق الحفرة. رح يبدّه يرجع.",""
notebook.street.water,Layla,"I carried water home from the truck. Twenty litres turns a pit into a river.","جبت مي عالبيت من التنكر. عشرين لتر بتخلّي الحفرة نهر.",""
home.hint.roof,,"Teta is on the roof. The stairs start at the right-hand wall: walk under them to the wall, then climb. E to sit with her.","",""
home.teta.sit,Teta,"Sit, habibti. The sea is doing its evening thing.","اقعدي يا حبيبتي. البحر عم يعمل شغلته المسائية.","Placeholder colloquial; readers vet."
home.teta.majdal,Teta,"My mother said the sea at al-Majdal was this same water, a little further up.","إمي كانت تقول إن بحر المجدل هو نفس هالمي، بس أبعد شوي.",""
home.teta.question,Teta,"Tell me something. When people say we are still here, what do you think it means, to stay?","قوليلي شي. لما الناس يقولوا إحنا لسا هون، شو معناها برأيك، إنك تبقي؟",""
home.layla.answer,Layla,"That we didn't leave?","إنه ما رحنا؟",""
home.teta.big,Teta,"That is the small answer. Find me the big one before the wedding.","هاد الجواب الصغير. لاقيلي الكبير قبل العرس.",""
home.baba.inside,Baba,"Layla! The birds. Inside, now!","ليلى! العصافير. جوّا، هلق!",""
home.hint.cover,,"Get inside. Any room or doorway is cover.","",""
home.baba.everyone,Baba,"Everyone here? Alhamdulillah. Nobody moves until it is quiet.","الكل هون؟ الحمد لله. محدا يتحرك لحد ما تهدا.",""
home.baba.beam,Baba,"The stairs. The beam came down across the door. I need my hands; you hold the light.","الدرج. الجسر وقع قدام الباب. بدي إيديّ، إنتِ امسكي الضو.",""
home.hint.switch,,"Tab switches between Layla and Baba. Only Baba can lift the beam. E picks it up.","",""
home.hint.candle,,"Layla: take the candle and go out through the door.","",""
home.baba.clear,Baba,"Yalla. Take the candle to Abu Ahmad's; the oven will still be warm.","يلا. خدي الشمعة لعند أبو أحمد، الفرن بعده دافي.",""
notebook.home.roof,Layla,"Teta asked what it means to stay. I said that we didn't leave. She said that is the small answer.","تيتا سألتني شو معناها نبقى. قلت إنه ما رحنا. قالت هاد الجواب الصغير.",""
notebook.home.strike,Layla,"The birds left the roof before the sound came. Baba lifted the beam off the door. Nobody on our street was hurt tonight.","العصافير تركت السطح قبل ما يجي الصوت. بابا شال الجسر عن الباب. محدا بشارعنا انأذى الليلة.",""
night.hint.start,,"The street is dark. Keep the candle lit and walk to Abu Ahmad's oven, at the far end. E lights a neighbour's dark window from your flame.","",""
night.hint.dark,,"Too dark to go on without a flame. Go back to a lit window.","",""
night.hint.cup,,"A draft from the alley. Hold E to cup the flame.","",""
night.hint.relight,,"The candle is out. Stand under a lit window and press E; a neighbour will light it.","",""
night.neighbour.relight,Um Karim,"Here, habibti. From ours to yours.","خدي يا حبيبتي. من عنا لعندكم.","Placeholder colloquial; readers vet."
night.umsamir.thanks,Um Samir,"Allah yikhallik, Layla. Now I can find the bandages.","الله يخليكي يا ليلى. هلق بقدر لاقي الشاش.",""
night.abuahmad.bread,Abu Ahmad,"You walked the whole street in the dark for bread? Take two. Tell your father the oven stays warm all night.","مشيتي الشارع كله بالعتمة عشان خبز؟ خدي تنين. قولي لأبوكي الفرن بيضل دافي طول الليل.",""
notebook.night.clinic,Layla,"Um Samir's window was dark. I lit her lamp from our candle.","شباك أم سامر كان معتم. ولّعتلها اللمبة من شمعتنا.",""
notebook.night.bread,Layla,"Abu Ahmad's oven was the only warm thing on the street. He gave us two loaves and would not take anything.","فرن أبو أحمد كان الشي الدافي الوحيد بالشارع. أعطانا رغيفين وما رضي ياخد شي.",""
notebook.hint.close,,"E closes the notebook","",""
notebook.end.day,,"End of Day 1","",""
notebook.end.title,,"Nine days to the wedding","",""
beach.sami.call,Sami,"Layla! Over here, by the kiosk! Bring your kite!","ليلى! تعالي هون، عند الكشك! جيبي طيّارتك!",""
beach.hint.find,,"Sami is calling from down the beach, to the right. A D walk, Space jump, hold S to crawl under the wall.","",""
"d1.s0.mama.01","Mama","Layla! Are you on that roof again? The bread!","","Day 1 script; Arabic by the Palestinian writer, vetted by the readers."
"d1.s0.layla.01","Layla","Ten more seconds.","","Day 1 script; Arabic by the Palestinian writer, vetted by the readers."
"d1.s0.mama.02","Mama","I can count, you know!","","Day 1 script; Arabic by the Palestinian writer, vetted by the readers."
"d1.s0.hint.kite","","Q flies the kite. A and D steer it; W and S pay out and reel in. Stay as long as you like.","","Day 1 script; Arabic by the Palestinian writer, vetted by the readers."
"d1.s1.mama.01","Mama","Sabah el-kheir. Eat something before you fly away.","","Day 1 script; Arabic by the Palestinian writer, vetted by the readers."
"d1.s1.layla.01","Layla","I'll eat on the beach!","","Day 1 script; Arabic by the Palestinian writer, vetted by the readers."
"d1.s1.baba.01","Baba","Did it fly?","","Day 1 script; Arabic by the Palestinian writer, vetted by the readers."
"d1.s1.layla.02","Layla","Like a bird, Baba.","","Day 1 script; Arabic by the Palestinian writer, vetted by the readers."
"d1.s1.baba.02","Baba","Eat. Your mother's face says west wind.","","Day 1 script; Arabic by the Palestinian writer, vetted by the readers."
"d1.s1.teta.01","Teta","Leave her, Rania. The wind doesn't wait for breakfast.","","Day 1 script; Arabic by the Palestinian writer, vetted by the readers."
"d1.s1.teta.02","Teta","Bismillah. And win, or don't come home.","","Day 1 script; Arabic by the Palestinian writer, vetted by the readers."
"d1.s1.layla.03","Layla","Wallahi I'll win.","","Day 1 script; Arabic by the Palestinian writer, vetted by the readers."
"d1.s1.look.key","Layla","Teta's key. Older than Teta.","","Day 1 script; Arabic by the Palestinian writer, vetted by the readers."
"d1.s1.look.list","Layla","Nour's wedding. Nine days. Mama has written ""flour"" four times.","","Day 1 script; Arabic by the Palestinian writer, vetted by the readers."
"d1.s1.look.karim","Karim","Battery... low... ya zghireh, go away.","","Day 1 script; Arabic by the Palestinian writer, vetted by the readers."
"d1.s1.look.cat","Layla","Mishmish loves Baba. Mishmish loves fish more.","","Day 1 script; Arabic by the Palestinian writer, vetted by the readers."
"d1.s1.hint.scarf","","The scarf is on the hook by the door. Walk out through the door.","","Day 1 script; Arabic by the Palestinian writer, vetted by the readers."
"d1.s2.abu_ahmad.01","Abu Ahmad","Forty kilos for one wedding? Who is marrying, the whole of Shati?","","Day 1 script; Arabic by the Palestinian writer, vetted by the readers."
"d1.s2.abu_fadi.01","Abu Fadi","Face the sun. The sun. Not me.","","Day 1 script; Arabic by the Palestinian writer, vetted by the readers."
"d1.s2.um_samir.01","Um Samir","Shoes. Where are your shoes? You had two this morning.","","Day 1 script; Arabic by the Palestinian writer, vetted by the readers."
"d1.s2.twin.01","Hassan","Layla! Sami made two kites!","","Day 1 script; Arabic by the Palestinian writer, vetted by the readers."
"d1.s2.twin.02","Hussein","Two! And the tail is this long!","","Day 1 script; Arabic by the Palestinian writer, vetted by the readers."
"d1.s2.layla.01","Layla","Tails don't win. Height wins.","","Day 1 script; Arabic by the Palestinian writer, vetted by the readers."
"d1.s2.hajja.01","Hajja Amina","Is that Nawal's girl? Tell your Teta I'm coming for coffee!","","Day 1 script; Arabic by the Palestinian writer, vetted by the readers."
"d1.s2.layla.02","Layla","She knows, Hajja! She's already hiding the good cups!","","Day 1 script; Arabic by the Palestinian writer, vetted by the readers."
"d1.s3.volunteer.01","Volunteer","Kites ready! When the whistle blows, every kite goes up, and we count to thirty. Up at thirty, it counts!","","Day 1 script; Arabic by the Palestinian writer, vetted by the readers."
"d1.s3.sami.01","Sami","You're late, ya bint 'ammi. I made two. One to win, and one to lend you when yours... when yours falls.","","Day 1 script; Arabic by the Palestinian writer, vetted by the readers."
"d1.s3.layla.01","Layla","Mine doesn't fall.","","Day 1 script; Arabic by the Palestinian writer, vetted by the readers."
"d1.s3.sami.02","Sami","It has no tail.","","Day 1 script; Arabic by the Palestinian writer, vetted by the readers."
"d1.s3.layla.02","Layla","It has a small tail.","","Day 1 script; Arabic by the Palestinian writer, vetted by the readers."
"d1.s3.sami.03","Sami","That's not a tail, that's a wish.","","Day 1 script; Arabic by the Palestinian writer, vetted by the readers."
"d1.s3.twin.01","Hussein","Plastic! Under the boat!","","Day 1 script; Arabic by the Palestinian writer, vetted by the readers."
"d1.s3.twin.02","Hassan","There are crabs under the boat.","","Day 1 script; Arabic by the Palestinian writer, vetted by the readers."
"d1.s3.layla.03","Layla","Crabs are scared of me.","","Day 1 script; Arabic by the Palestinian writer, vetted by the readers."
"d1.s3.layla.04","Layla","Now it's a tail.","","Day 1 script; Arabic by the Palestinian writer, vetted by the readers."
"d1.s3.sami.04","Sami","Now it's a wish with a tail.","","Day 1 script; Arabic by the Palestinian writer, vetted by the readers."
"d1.s3.hint.crawl","","Crouch with S and crawl under the boat for the plastic bag.","","Day 1 script; Arabic by the Palestinian writer, vetted by the readers."
"d1.s3.hint.tie","","Hold E by your kite to tie the tail.","","Day 1 script; Arabic by the Palestinian writer, vetted by the readers."
"d1.s4.volunteer.01","Volunteer","Kites up!","","Day 1 script; Arabic by the Palestinian writer, vetted by the readers."
"d1.s4.crowd.count","Crowd","wahid... itnein... talateh...","","Day 1 script; Arabic by the Palestinian writer, vetted by the readers."
"d1.s4.hint.fly","","Launch on a gust: when the dust lifts, Q. Keep it up until thirty.","","Day 1 script; Arabic by the Palestinian writer, vetted by the readers."
"d1.s4.twin.win_layla","Hassan","Layla's! Layla's is highest!","","Day 1 script; Arabic by the Palestinian writer, vetted by the readers."
"d1.s4.twin.win_sami","Hussein","Sami! Sami's is in the clouds!","","Day 1 script; Arabic by the Palestinian writer, vetted by the readers."
"d1.s4.sami.lose","Sami","The wind likes you today. Tomorrow it's mine.","","Day 1 script; Arabic by the Palestinian writer, vetted by the readers."
"d1.s4.layla.win","Layla","Tomorrow the wind is still mine.","","Day 1 script; Arabic by the Palestinian writer, vetted by the readers."
"d1.s4.layla.lose","Layla","Your tail cheated.","","Day 1 script; Arabic by the Palestinian writer, vetted by the readers."
"d1.s4.sami.win","Sami","Tails don't cheat. Tails are tailful.","","Day 1 script; Arabic by the Palestinian writer, vetted by the readers."
"d1.s4.layla.tailful","Layla","That's not a word.","","Day 1 script; Arabic by the Palestinian writer, vetted by the readers."
"d1.s5.sami.01","Sami","Nour says there's no wedding without a kite.","","Day 1 script; Arabic by the Palestinian writer, vetted by the readers."
"d1.s5.layla.01","Layla","Nour said that?","","Day 1 script; Arabic by the Palestinian writer, vetted by the readers."
"d1.s5.sami.02","Sami","I said it. She agreed. Nine days.","","Day 1 script; Arabic by the Palestinian writer, vetted by the readers."
"d1.s5.sami.03","Sami","So. Whoever won today flies at the wedding.","","Day 1 script; Arabic by the Palestinian writer, vetted by the readers."
"d1.s5.layla.02","Layla","And the kite?","","Day 1 script; Arabic by the Palestinian writer, vetted by the readers."
"d1.s5.sami.04","Sami","I build it. Either way. The best one this street ever saw.","","Day 1 script; Arabic by the Palestinian writer, vetted by the readers."
"d1.s5.layla.03","Layla","Why you?","","Day 1 script; Arabic by the Palestinian writer, vetted by the readers."
"d1.s5.sami.07","Sami","Because yours are ugly. Promise?","","Day 1 script; Arabic by the Palestinian writer, vetted by the readers."
"d1.s5.sami.05","Sami","Tie it to yours.","","Day 1 script; Arabic by the Palestinian writer, vetted by the readers."
"d1.s5.sami.06","Sami","Now it's a promise. My Baba's knot. Nobody unties it.","","Day 1 script; Arabic by the Palestinian writer, vetted by the readers."
"d1.s5.layla.04","Layla","I'm keeping it. So you don't cheat.","","Day 1 script; Arabic by the Palestinian writer, vetted by the readers."
"d1.s5.sami.08","Sami","One day the wind turns and my kite goes all the way to Cyprus. I'll tie a note on it: ""Send it back.""","","Day 1 script; Arabic by the Palestinian writer, vetted by the readers."
"d1.s5.hint.sit","","E to sit with Sami.","","Day 1 script; Arabic by the Palestinian writer, vetted by the readers."
"d1.s5.hint.knot","","Hold E to tie the knot.","","Day 1 script; Arabic by the Palestinian writer, vetted by the readers."
"d1.s6.sami.01","Sami","No, no, no! My kite!","","Day 1 script; Arabic by the Palestinian writer, vetted by the readers."
"d1.s6.layla.01","Layla","I've got it!","","Day 1 script; Arabic by the Palestinian writer, vetted by the readers."
"d1.s6.abu_ahmad.01","Abu Ahmad","Slow down! My bread!","","Day 1 script; Arabic by the Palestinian writer, vetted by the readers."
"d1.s6.abu_fadi.01","Abu Fadi","It's heading for the clinic! Um Samir, it's wounded!","","Day 1 script; Arabic by the Palestinian writer, vetted by the readers."
"d1.s6.um_samir.01","Um Samir","Walk, Layla! And you, Samir, shoes!","","Day 1 script; Arabic by the Palestinian writer, vetted by the readers."
"d1.s6.hajja.01","Hajja Amina","Who is dancing on my roof?","","Day 1 script; Arabic by the Palestinian writer, vetted by the readers."
"d1.s6.layla.02","Layla","Only me, Hajja! I'm sorry, the kite...","","Day 1 script; Arabic by the Palestinian writer, vetted by the readers."
"d1.s6.hajja.02","Hajja Amina","The kite, the kite. In my day we chased chickens.","","Day 1 script; Arabic by the Palestinian writer, vetted by the readers."
"d1.s6.hajja.03","Hajja Amina","Allah yirda 'aleiki. Tell Nawal her granddaughter has manners, at least.","","Day 1 script; Arabic by the Palestinian writer, vetted by the readers."
"d1.s6.sami.02","Sami","Is it...?","","Day 1 script; Arabic by the Palestinian writer, vetted by the readers."
"d1.s6.layla.03","Layla","Only torn. I'll fix it tonight.","","Day 1 script; Arabic by the Palestinian writer, vetted by the readers."
"d1.s6.sami.03","Sami","You'll fix my kite?","","Day 1 script; Arabic by the Palestinian writer, vetted by the readers."
"d1.s6.layla.04","Layla","Practice. I'm building one too. A better one.","","Day 1 script; Arabic by the Palestinian writer, vetted by the readers."
"d1.s6.layla.05","Layla","Only if you say mine was better.","","Day 1 script; Arabic by the Palestinian writer, vetted by the readers."
"d1.s6.sami.04","Sami","Better? You? Bring it to the roof.","","Day 1 script; Arabic by the Palestinian writer, vetted by the readers."
"d1.s6.sami.05","Sami","Yours was... Bring it to the roof.","","Day 1 script; Arabic by the Palestinian writer, vetted by the readers."
"d1.s6.hint.run","","Follow the kite. Space jumps; keep running.","","Day 1 script; Arabic by the Palestinian writer, vetted by the readers."
"d1.s6.hint.free","","E to free the kite from the line.","","Day 1 script; Arabic by the Palestinian writer, vetted by the readers."
"d1.s6.hint.sheet","","The sheet came down. Shift picks it up; hang it back on the line, if you like.","","Day 1 script; Arabic by the Palestinian writer, vetted by the readers."
"d1.s7.mama.01","Mama","Nine days. No sugar, no flour, and a girl fixing kites.","","Day 1 script; Arabic by the Palestinian writer, vetted by the readers."
"d1.s7.layla.01","Layla","A wedding need a kite.","","Day 1 script; Arabic by the Palestinian writer, vetted by the readers."
"d1.s7.mama.02","Mama","Needs. A wedding needs a kite. And flour. Mostly flour.","","Day 1 script; Arabic by the Palestinian writer, vetted by the readers."
"d1.s7.kids.01","Children","It came! The electricity came!","","Day 1 script; Arabic by the Palestinian writer, vetted by the readers."
"d1.s7.karim.01","Karim","Why is everyone shouting? Oh. Power. Okay, okay, okay.","","Day 1 script; Arabic by the Palestinian writer, vetted by the readers."
"d1.s7.karim.02","Karim","Mahmoud's in Cairo. Electricity all day. He says it's boring.","","Day 1 script; Arabic by the Palestinian writer, vetted by the readers."
"d1.s7.teta.01","Teta","That knafeh has counted every piece.","","Day 1 script; Arabic by the Palestinian writer, vetted by the readers."
"d1.s7.teta.02","Teta","Not that thread. That's for Nour's dress.","","Day 1 script; Arabic by the Palestinian writer, vetted by the readers."
"d1.s7.layla.02","Layla","Just a little.","","Day 1 script; Arabic by the Palestinian writer, vetted by the readers."
"d1.s7.teta.03","Teta","Everything in this house is ""just a little"".","","Day 1 script; Arabic by the Palestinian writer, vetted by the readers."
"d1.s7.teta.04","Teta","Come up when the sun goes down. I want to ask you something.","","Day 1 script; Arabic by the Palestinian writer, vetted by the readers."
"d1.s7.sami.01","Sami","That's Nour's dress thread.","","Day 1 script; Arabic by the Palestinian writer, vetted by the readers."
"d1.s7.layla.03","Layla","Just a little.","","Day 1 script; Arabic by the Palestinian writer, vetted by the readers."
"d1.s7.sami.02","Sami","If Nour finds out, I never saw you.","","Day 1 script; Arabic by the Palestinian writer, vetted by the readers."
"d1.s7.layla.04","Layla","You're holding it.","","Day 1 script; Arabic by the Palestinian writer, vetted by the readers."
"d1.s7.sami.03","Sami","I'm holding it innocently.","","Day 1 script; Arabic by the Palestinian writer, vetted by the readers."
"d1.s7.sami.04","Sami","It's flying! It's... it's flying crooked. It's flying like you.","","Day 1 script; Arabic by the Palestinian writer, vetted by the readers."
"d1.s7.um_sami.01","Um Sami","SAMI! The bread!","","Day 1 script; Arabic by the Palestinian writer, vetted by the readers."
"d1.s7.sami.05","Sami","Ten more seconds!","","Day 1 script; Arabic by the Palestinian writer, vetted by the readers."
"d1.s7.hint.thread","","Teta's sewing tin is on the shelf. Shift takes the thread, then up to the roof.","","Day 1 script; Arabic by the Palestinian writer, vetted by the readers."
"d1.s7.hint.stitch","","Hold E at the gap to stitch the tear while Sami holds the spars.","","Day 1 script; Arabic by the Palestinian writer, vetted by the readers."
"d1.s7.hint.test","","Q to launch the patched kite from the roof.","","Day 1 script; Arabic by the Palestinian writer, vetted by the readers."
"d1.s8.teta.01","Teta","So? Did your kite win?","","Day 1 script; Arabic by the Palestinian writer, vetted by the readers."
"d1.s8.layla.win","Layla","Highest on the whole beach.","","Day 1 script; Arabic by the Palestinian writer, vetted by the readers."
"d1.s8.layla.lose","Layla","Sami's tail cheated.","","Day 1 script; Arabic by the Palestinian writer, vetted by the readers."
"d1.s8.teta.02","Teta","Tails don't cheat.","","Day 1 script; Arabic by the Palestinian writer, vetted by the readers."
"d1.s8.teta.08","Teta","Don't fly it. Hold it. Still.","","Day 1 script; Arabic by the Palestinian writer, vetted by the readers."
"d1.s8.layla.05","Layla","This is so boring.","","Day 1 script; Arabic by the Palestinian writer, vetted by the readers."
"d1.s8.teta.09","Teta","Yes.","","Day 1 script; Arabic by the Palestinian writer, vetted by the readers."
"d1.s8.teta.03","Teta","So. Up there, who is braver: the kite, or the hand that holds the string?","","Day 1 script; Arabic by the Palestinian writer, vetted by the readers."
"d1.s8.layla.01","Layla","The kite. Obviously. It's the one up in the wind. The hand just stands there.","","Day 1 script; Arabic by the Palestinian writer, vetted by the readers."
"d1.s8.layla.02","Layla","Why do you always hold that key?","","Day 1 script; Arabic by the Palestinian writer, vetted by the readers."
"d1.s8.teta.05","Teta","My mother held it. Now I hold it. One day you'll hold it and complain it's heavy.","","Day 1 script; Arabic by the Palestinian writer, vetted by the readers."
"d1.s8.layla.03","Layla","It's tiny.","","Day 1 script; Arabic by the Palestinian writer, vetted by the readers."
"d1.s8.baba.01","Baba","Nine days of your mother's lists. It's going to be a rough sea.","","Day 1 script; Arabic by the Palestinian writer, vetted by the readers."
"d1.s8.hint.sit","","E to sit by Teta.","","Day 1 script; Arabic by the Palestinian writer, vetted by the readers."
"d1.s8.hint.still","","Hold the kite still: A and D against the gusts. It cannot fall.","","Day 1 script; Arabic by the Palestinian writer, vetted by the readers."
"d1.s9.teta.01","Teta","Yalla, inside. Your mother has lists.","","Day 1 script; Arabic by the Palestinian writer, vetted by the readers."
"d1.s9.hint.inside","","Down the stairs when you are ready.","","Day 1 script; Arabic by the Palestinian writer, vetted by the readers."
"d1.note.count","","The count got to 30. (Everyone's kite. The WHOLE beach.)","","Day 1 script; Arabic by the Palestinian writer, vetted by the readers."
"d1.note.won","","Mine was highest. Sami says the wind likes me. (It does.)","","Day 1 script; Arabic by the Palestinian writer, vetted by the readers."
"d1.note.lost","","Sami's was highest. His tail cheated.","","Day 1 script; Arabic by the Palestinian writer, vetted by the readers."
"d1.note.run","","Ran his kite down through the whole street and over three roofs.","","Day 1 script; Arabic by the Palestinian writer, vetted by the readers."
"d1.note.amina","","Put Hajja Amina's sheet back. She says I have manners, at least.","","Day 1 script; Arabic by the Palestinian writer, vetted by the readers."
"d1.note.promise","","9 days. Whoever won flies. Sami builds it anyway (he says mine are ugly). Knot is here.","","Day 1 script; Arabic by the Palestinian writer, vetted by the readers."
"d1.note.fix_practice","","I told Sami I'm building one too. A better one.","","Day 1 script; Arabic by the Palestinian writer, vetted by the readers."
"d1.note.fix_better","","Sami would not say mine was better. He laughed too much to say anything.","","Day 1 script; Arabic by the Palestinian writer, vetted by the readers."
"d1.note.teta","","Teta asked who is braver, the kite or the hand. KITE. Obviously.","","Day 1 script; Arabic by the Palestinian writer, vetted by the readers."
"d1.note.tail","","Tied a real tail. Crabs were scared of me.","","Day 1 script; Arabic by the Palestinian writer, vetted by the readers."
"d1.note.thread","","Took a little of Nour's dress thread for Sami's kite. (A LITTLE.)","","Day 1 script; Arabic by the Palestinian writer, vetted by the readers."
"d3.s0.sami.01","Sami","Hear it? It's louder.","","Day 3 script, first draft; Arabic by the Palestinian writer, vetted by the readers."
"d3.s0.layla.01","Layla","It's always there.","","Day 3 script, first draft; Arabic by the Palestinian writer, vetted by the readers."
"d3.s0.sami.02","Sami","Yesterday it was a fly. Today it's a bee.","","Day 3 script, first draft; Arabic by the Palestinian writer, vetted by the readers."
"d3.s0.layla.02","Layla","Fly your kite, ya Sami.","","Day 3 script, first draft; Arabic by the Palestinian writer, vetted by the readers."
"d3.s0.sami.03","Sami","Eight days! Nour counted on her fingers and ran out.","","Day 3 script, first draft; Arabic by the Palestinian writer, vetted by the readers."
"d3.s0.teta.01","Teta","Layla! The dress. Um Sami is waiting and she does not wait well.","","Day 3 script, first draft; Arabic by the Palestinian writer, vetted by the readers."
"d3.s1.um_sami.01","Um Sami","Sit, ya Layla. Needle or thread?","","Day 3 script, first draft; Arabic by the Palestinian writer, vetted by the readers."
"d3.s1.layla.01","Layla","Thread. Needles hate me.","","Day 3 script, first draft; Arabic by the Palestinian writer, vetted by the readers."
"d3.s1.nour.01","Nour","The kite flyer. Sami says you lost.","","Day 3 script, first draft; Arabic by the Palestinian writer, vetted by the readers."
"d3.s1.layla.02","Layla","Sami says a lot.","","Day 3 script, first draft; Arabic by the Palestinian writer, vetted by the readers."
"d3.s1.nour.02","Nour","He says a lot about you.","","Day 3 script, first draft; Arabic by the Palestinian writer, vetted by the readers."
"d3.s1.mama.01","Mama","Nour. The hem.","","Day 3 script, first draft; Arabic by the Palestinian writer, vetted by the readers."
"d3.s1.teta.01","Teta","[proverb: patience and thread; the readers supply a real Gazan one]","","Day 3 script, first draft; Arabic by the Palestinian writer, vetted by the readers."
"d3.s1.teta.02","Teta","This is the thread somebody took ""just a little"" of.","","Day 3 script, first draft; Arabic by the Palestinian writer, vetted by the readers."
"d3.s1.layla.03","Layla","It flew well.","","Day 3 script, first draft; Arabic by the Palestinian writer, vetted by the readers."
"d3.s1.nour.03","Nour","My dress flew?","","Day 3 script, first draft; Arabic by the Palestinian writer, vetted by the readers."
"d3.s1.um_sami.02","Um Sami","Everything in that boy's hands flies. Including my patience.","","Day 3 script, first draft; Arabic by the Palestinian writer, vetted by the readers."
"d3.s1.teta.03","Teta","Allah yustur.","","Day 3 script, first draft; Arabic by the Palestinian writer, vetted by the readers."
"d3.s1.mama.02","Mama","The hem, Nour.","","Day 3 script, first draft; Arabic by the Palestinian writer, vetted by the readers."
"d3.s1.nour.04","Nour","Teta, when I'm married, can I still come up here?","","Day 3 script, first draft; Arabic by the Palestinian writer, vetted by the readers."
"d3.s1.um_sami.03","Um Sami","Where else would you go? He lives three doors down.","","Day 3 script, first draft; Arabic by the Palestinian writer, vetted by the readers."
"d3.s1.um_sami.04","Um Sami","SAMI! The bread!","","Day 3 script, first draft; Arabic by the Palestinian writer, vetted by the readers."
"d3.s1.sami.01","Sami","Ten more seconds!","","Day 3 script, first draft; Arabic by the Palestinian writer, vetted by the readers."
"d3.s2.baba.01","Baba","Layla! Down! Now!","","Day 3 script, first draft; Arabic by the Palestinian writer, vetted by the readers."
"d3.s2.mama.01","Mama","Karim. Karim, here. Under the stairs.","","Day 3 script, first draft; Arabic by the Palestinian writer, vetted by the readers."
"d3.s2.karim.01","Karim","I'm here. I'm here.","","Day 3 script, first draft; Arabic by the Palestinian writer, vetted by the readers."
"d3.s3.baba.01","Baba","Heads down. Hands over your heads.","","Day 3 script, first draft; Arabic by the Palestinian writer, vetted by the readers."
"d3.s3.teta.whisper","Teta","(the ayah is the card, never a spoken line)","","Day 3 script, first draft; Arabic by the Palestinian writer, vetted by the readers."
"d3.s4.karim.01","Karim","Where did it hit?","","Day 3 script, first draft; Arabic by the Palestinian writer, vetted by the readers."
"d3.s4.baba.01","Baba","Not us. Close.","","Day 3 script, first draft; Arabic by the Palestinian writer, vetted by the readers."
"d3.s4.mama.01","Mama","The window. Nobody near the window.","","Day 3 script, first draft; Arabic by the Palestinian writer, vetted by the readers."
"d3.s4.baba.02","Baba","Everyone. Say your name.","","Day 3 script, first draft; Arabic by the Palestinian writer, vetted by the readers."
"d3.s4.layla.01","Layla","Layla.","","Day 3 script, first draft; Arabic by the Palestinian writer, vetted by the readers."
"d3.s4.karim.02","Karim","Karim.","","Day 3 script, first draft; Arabic by the Palestinian writer, vetted by the readers."
"d3.s4.teta.01","Teta","Nawal. Still.","","Day 3 script, first draft; Arabic by the Palestinian writer, vetted by the readers."
"d3.s4.mama.02","Mama","Rania. Yousef, the door.","","Day 3 script, first draft; Arabic by the Palestinian writer, vetted by the readers."
"d3.s4.baba.03","Baba","The beam's across it. Layla, the light. Hold it where I can see my hands.","","Day 3 script, first draft; Arabic by the Palestinian writer, vetted by the readers."
"d3.s5.layla.01","Layla","Abu Khalil? From the roof?","","Day 3 script, first draft; Arabic by the Palestinian writer, vetted by the readers."
"d3.s5.abu_khalil.01","Abu Khalil","The speakers are gone. My voice isn't.","","Day 3 script, first draft; Arabic by the Palestinian writer, vetted by the readers."
"d3.s5.layla.02","Layla","Everyone heard.","","Day 3 script, first draft; Arabic by the Palestinian writer, vetted by the readers."
"d3.s5.abu_khalil.02","Abu Khalil","Then it worked. Go. Your Teta is at the bakery, and she is not asking nicely.","","Day 3 script, first draft; Arabic by the Palestinian writer, vetted by the readers."
"d3.s6.abu_ahmad.01","Abu Ahmad","Flour's under the back room. The oven door's under a beam. And the power's under the ground with everything else.","","Day 3 script, first draft; Arabic by the Palestinian writer, vetted by the readers."
"d3.s6.teta.01","Teta","Then you'll bake by hand.","","Day 3 script, first draft; Arabic by the Palestinian writer, vetted by the readers."
"d3.s6.abu_ahmad.02","Abu Ahmad","For my queue, Hajja. Thirty bundles an hour, by hand, with this shoulder.","","Day 3 script, first draft; Arabic by the Palestinian writer, vetted by the readers."
"d3.s6.teta.02","Teta","For the street, Abu Ahmad.","","Day 3 script, first draft; Arabic by the Palestinian writer, vetted by the readers."
"d3.s6.abu_ahmad.03","Abu Ahmad","Hajja...","","Day 3 script, first draft; Arabic by the Palestinian writer, vetted by the readers."
"d3.s6.teta.03","Teta","Your mother baked for this street in the winter of the big storm with one arm. I held the tray. [the readers check the memory]","","Day 3 script, first draft; Arabic by the Palestinian writer, vetted by the readers."
"d3.s6.abu_ahmad.04","Abu Ahmad","Bring the flour.","","Day 3 script, first draft; Arabic by the Palestinian writer, vetted by the readers."
"d3.s6.sami.01","Sami","I'll hold the candle. I'm holding it innocently.","","Day 3 script, first draft; Arabic by the Palestinian writer, vetted by the readers."
"d3.s6.layla.01","Layla","There's a cat in here.","","Day 3 script, first draft; Arabic by the Palestinian writer, vetted by the readers."
"d3.s6.abu_ahmad.05","Abu Ahmad","That's Mishmish. She's been here since the bang. Smarter than all of us.","","Day 3 script, first draft; Arabic by the Palestinian writer, vetted by the readers."
"d3.s6.baba.01","Baba","Together, ya Abu Ahmad. My back isn't what it was.","","Day 3 script, first draft; Arabic by the Palestinian writer, vetted by the readers."
"d3.s6.abu_ahmad.06","Abu Ahmad","Count the turns, ya Sami. Thirty a bundle.","","Day 3 script, first draft; Arabic by the Palestinian writer, vetted by the readers."
"d3.s6.sami.02","Sami","One. Two. Three. Is that a bundle?","","Day 3 script, first draft; Arabic by the Palestinian writer, vetted by the readers."
"d3.s6.abu_ahmad.07","Abu Ahmad","That's three.","","Day 3 script, first draft; Arabic by the Palestinian writer, vetted by the readers."
"d3.s6.abu_ahmad.08","Abu Ahmad","Hajja. Take it to the doors. All of them.","","Day 3 script, first draft; Arabic by the Palestinian writer, vetted by the readers."
"d3.s7.twin.01","Hassan","Bread! Mama, bread came!","","Day 3 script, first draft; Arabic by the Palestinian writer, vetted by the readers."
"d3.s7.twin.02","Hussein","Did Sami's kite survive?","","Day 3 script, first draft; Arabic by the Palestinian writer, vetted by the readers."
"d3.s7.layla.01","Layla","Sami survived. Ask him about the kite.","","Day 3 script, first draft; Arabic by the Palestinian writer, vetted by the readers."
"d3.s7.hajja.01","Hajja Amina","Nawal sent you? She would. Wait. (a candle from inside) For the road.","","Day 3 script, first draft; Arabic by the Palestinian writer, vetted by the readers."
"d3.s7.abu_khalil.01","Abu Khalil","Bread and a lamp for an old voice. Tell Abu Ahmad his father would be proud.","","Day 3 script, first draft; Arabic by the Palestinian writer, vetted by the readers."
"d3.s7.um_samir.01","Um Samir","Put it there. Hold the light. Higher. Good girl. Now go home.","","Day 3 script, first draft; Arabic by the Palestinian writer, vetted by the readers."
"d3.s8.teta.01","Teta","Sit. No, here, where I can reach you.","","Day 3 script, first draft; Arabic by the Palestinian writer, vetted by the readers."
"d3.s8.layla.01","Layla","Teta, the minaret...","","Day 3 script, first draft; Arabic by the Palestinian writer, vetted by the readers."
"d3.s8.teta.02","Teta","Abu Khalil has a roof. [proverb: the readers supply one about a voice not needing a tower]","","Day 3 script, first draft; Arabic by the Palestinian writer, vetted by the readers."
"d3.note.hum","","The bee is louder. Sami says tomorrow it will be a wasp.","","Day 3 script, first draft; Arabic by the Palestinian writer, vetted by the readers."
"d3.note.dress","","Nour's dress has a hundred red birds on it. I did four. (Thread, not needles.)","","Day 3 script, first draft; Arabic by the Palestinian writer, vetted by the readers."
"d3.note.strike","","They hit something. We were under the stairs. Teta said the thing she says.","","Day 3 script, first draft; Arabic by the Palestinian writer, vetted by the readers."
"d3.note.minaret","","The minaret has no voice. Abu Khalil does.","","Day 3 script, first draft; Arabic by the Palestinian writer, vetted by the readers."
"d3.note.bread","","Abu Ahmad baked for everyone. Sami counted to thirty about forty times.","","Day 3 script, first draft; Arabic by the Palestinian writer, vetted by the readers."
"d3.note.doors","","Bread to:","","Day 3 script, first draft; Arabic by the Palestinian writer, vetted by the readers."
"d3.note.recite","","Teta read over us until Karim pretended to be asleep.","","Day 3 script, first draft; Arabic by the Palestinian writer, vetted by the readers."
"d3.s0.hint.kite","","The kite as before. The hum is the zanana; it will not go away.","","Day 3 script, first draft; Arabic by the Palestinian writer, vetted by the readers."
"d3.s1.pause","","(the hum rises; every hand stops)","","Day 3 script, first draft; Arabic by the Palestinian writer, vetted by the readers."
"d3.s1.hint.sit","","E to sit with them.","","Day 3 script, first draft; Arabic by the Palestinian writer, vetted by the readers."
"d3.s1.hint.thread","","Hold E to hand the thread when a hand reaches for it.","","Day 3 script, first draft; Arabic by the Palestinian writer, vetted by the readers."
"d3.s2.hint.cover","","Down the stairs. Under the stairwell with the family.","","Day 3 script, first draft; Arabic by the Palestinian writer, vetted by the readers."
"d3.s4.hint.switch","","Tab switches between Layla and Baba. Baba lifts; Layla holds the light.","","Day 3 script, first draft; Arabic by the Palestinian writer, vetted by the readers."
"d3.s4.hint.candle","","Take the candle out through the door.","","Day 3 script, first draft; Arabic by the Palestinian writer, vetted by the readers."
"d3.s5.caption.adhan","","(Abu Khalil calls the isha adhan from his roof, unaided.)","","Day 3 script, first draft; Arabic by the Palestinian writer, vetted by the readers."
"d3.s5.hint.climb","","Climb to the roof by the steps to the sea.","","Day 3 script, first draft; Arabic by the Palestinian writer, vetted by the readers."
"d3.s6.hint.switch","","Tab: Layla crawls for the flour, Baba lifts the beam, Teta talks to Abu Ahmad.","","Day 3 script, first draft; Arabic by the Palestinian writer, vetted by the readers."
"d3.s6.hint.flour","","Crouch into the back room for the flour sacks.","","Day 3 script, first draft; Arabic by the Palestinian writer, vetted by the readers."
"d3.s6.hint.beam","","As Baba: Shift lifts the beam off the oven door.","","Day 3 script, first draft; Arabic by the Palestinian writer, vetted by the readers."
"d3.s6.hint.teta","","As Teta: E to talk to Abu Ahmad.","","Day 3 script, first draft; Arabic by the Palestinian writer, vetted by the readers."
"d3.s7.hint.start","","Bread to the doors: the twins, Hajja Amina, Abu Khalil, the clinic. Any order.","","Day 3 script, first draft; Arabic by the Palestinian writer, vetted by the readers."
"d3.s7.hint.draft","","The dust shows a draft. Hold E to cup the flame.","","Day 3 script, first draft; Arabic by the Palestinian writer, vetted by the readers."
"d3.s8.caption.recite","","(Teta recites over the children until they sleep.)","","Day 3 script, first draft; Arabic by the Palestinian writer, vetted by the readers."
"d3.s8.hint.sit","","E to sit with Teta.","","Day 3 script, first draft; Arabic by the Palestinian writer, vetted by the readers."
